Timestamp,Email Adress,Full Name,Reg No,Date Of Birth,Group,Semester,Phone No
9/10/2026 12:19:08,vasupallineeharhrithwik@gmail.com,V.Neehar Hrithwik,29,8/10/2008,B.Com Computers,First Semester,8374101017
9/10/2026 12:19:17,aleenafathmakhan@gmail.com ,Aleena Fathma Khan,9,9/12/2008,BBA,First Semester,7993332200
9/10/2026 12:19:56,balajimeesala2007@gmail.com,Meesala balaji ,28,4/11/2007,B.Sc Chemistry & Zoology,First Semester,6304665894
9/10/2026 12:19:58,nikhita.neralla@gmail.com,GORTHI SAI NIKHITA ,8,11/2/2000,BBA,First Semester,9589829400
9/10/2026 12:20:31,nagaleelakunchapu@gmail.com,Kunchapu Lahari,12,2/2/2008,B.Com Computers,First Semester,9392474387
9/10/2026 12:21:21,hanishkhachatti@gmail.com,Chatti Hanishkha ,15,4/30/2009,B.Com Computers,First Semester,6309822073
9/10/2026 12:21:27,piripillichandini@gmail.com,Piripilli chandini,7,9/17/2026,B.Sc Computers,First Semester,9390803463
9/10/2026 12:21:29,ganeshyadav200566@gmail.com,Neelabonu Ganesh ,724132505009,12/27/2005,B.Sc Chemistry & Zoology,Fifth Semester,6305389387
9/10/2026 12:21:48,shrestakambapu@gmail.com,Kambapu.Devi,34,11/3/2007,BBA,First Semester,9133940644
9/10/2026 12:22:25,varshininaggireddi@gmail.com,NAGIREDDI VARSHINI,11,1/18/2009,B.Com Computers,First Semester,6301154309
9/10/2026 12:22:50,𝒚𝒂𝒅𝒂𝒍𝒂𝒕𝒆𝒋𝒂𝒔𝒓𝒊02@𝒈𝒎𝒂𝒊𝒍.𝒄𝒐𝒎,𝒀𝑨𝑫𝑨𝑳𝑨.𝑻𝑬𝑱𝑨𝑺𝑹𝑰,30,10/2/2008,B.Com Computers,First Semester,9346129138
9/10/2026 12:23:02,mamidisunitha9966@gmail.com,Mamidi Sunitha ,17,10/14/2026,B.Com Computers,First Semester,7569309415
9/10/2026 12:23:25,namithanagu612@gmail.com,Tippana Namitha,3,10/31/2008,B.Sc Chemistry & Zoology,First Semester,8247084957
9/10/2026 12:23:29,indhusaahu15@gmail.com,N indhu,16,12/10/2007,B.Sc Computers,First Semester,7288817545
9/10/2026 12:24:08,mugadahasini65@gmail.com,Mugada Hasini,5,11/8/2009,B.Sc Computers,First Semester,9281219114
9/10/2026 12:24:22,bosshamanth22@gmail.com,Pithani manasa,33,5/12/2008,B.Sc Chemistry & Zoology,First Semester,9550614449
9/10/2026 12:24:27,Pravallipravallika31@gmail.com,Aathava pravallika ,10,4/18/2026,B.Sc Computers,First Semester,9491693792
9/10/2026 12:24:49,mukheshnallanalla@gmail.com,Nalla mukhesh ,724132505043,4/8/2006,B.Sc Computers,Fifth Semester,8790747801
9/10/2026 12:24:55,Simhasubbu18@gmail.com,Nimmadi Divya,23,1/1/2008,BA,First Semester,6303946216
9/10/2026 12:25:11,vempadapugowri68@gmail.com,Vempadapu gowri ,25,5/6/2009,B.Com Computers,First Semester,9573167371
9/10/2026 12:25:16,Pidintlachandrila@gmail.com,Pidintla yamini reddy,6,9/8/2008,B.Sc Computers,First Semester,7569215142
9/10/2026 12:25:18,geetha45178@gmail.com,Seera geetha ,21,10/10/2008,B.Com Computers,First Semester,7799831430
9/10/2026 12:25:27,Rutika.botcha@ gmail.com,Botcha rutika ,20,2/26/2008,B.Sc Computers,First Semester,9550550573
9/10/2026 12:25:34,@yalleswarimaradapudi,Maradapudi yalleswari,33,2/29/2008,B.Sc Computers,First Semester,9603931962
9/10/2026 12:26:04,keerthysakee369@gmail.com,Ravulapudi Keerthy yalamaji,124132504033,3/8/2006,B.Com Computers,Fifth Semester,7075217338
9/10/2026 12:26:18,yamunamarupilli@gmail.com,Yamuna ,124132504022,7/24/2007,B.Com Computers,Fifth Semester,9347635957
9/10/2026 12:27:09,amanananiharika@gmail.com,Niharika,13,3/26/2008,BBA,First Semester,7981278989
9/10/2026 12:27:18,dudamounika88@gmail.com,Duda Mounika ,27,3/10/2009,B.Com Computers,First Semester,9502612431
9/10/2026 12:30:39,vallausha2006@gmail.com,Valla usha ,124132504037,3/8/2006,B.Com Computers,Fifth Semester,6301241827
9/10/2026 12:32:29,chintapallilikhitha430@gmail.com,CHINTAPALLI LIKHITHA SRI ,725132505019,2/1/2008,B.Sc Computers,Third Semester,9493945073
9/10/2026 12:33:29,saishannmukhi@gmail.com,Nandula Sri Sai Shanmukhi Apurva,725132505002,4/27/2006,B.Sc Chemistry & Zoology,Third Semester,7842029090
9/10/2026 12:33:57,navyasreeummidi9@gmail.com,UMMIDI NAVYASREE,724132505011,11/11/2004,B.Sc Chemistry & Zoology,Fifth Semester,9381563800
9/10/2026 12:34:27,Kandubothuramya@gmail.com ,Kandubothu ramya,724132505031,2/8/2007,B.Sc Computers,Fifth Semester,9392888675
9/10/2026 12:34:36,sathyavenkatamohitharuthala@gmail.com,Rutthala satya venkat mohitha ,725132505005,3/30/2007,B.Sc Chemistry & Zoology,Third Semester,6309449266
9/10/2026 12:34:37,neelapulikitha15@gmail.com,Neelapu.Likitha,125132504022,8/15/2006,B.Com Computers,Third Semester,7013037559
9/10/2026 12:35:22,vijayamarada2@gmail.com,Marada vijaya ,724132505007,10/18/2003,B.Sc Chemistry & Zoology,Fifth Semester,8519970612
9/10/2026 12:35:26,kalasuryakumari88@gmail.com,Batthina Kala Surya Kumari ,725132505014,7/30/2008,B.Sc Computers,Third Semester,9705869133
9/10/2026 12:35:48,lalamnagasatya2007@gmail.com,Lalam.Naga Satya,724132505006,12/1/2007,B.Sc Chemistry & Zoology,Fifth Semester,6309648905
9/10/2026 12:36:25,pidintlasaichandrika@gmail.com,Pidintla sai chandrika ,12413254008,3/6/2006,B.Com Computers,Fifth Semester,9542332748
9/10/2026 12:36:29,edigasravani540@gmail.com,Ediga sravani ,724132505014,8/22/2005,B.Sc Chemistry & Zoology,Fifth Semester,9951678076
9/10/2026 12:36:33,paturihema83@gmail.com,Paturi hemambica ,725132505026,10/5/2007,B.Sc Computers,Third Semester,8465881897
9/10/2026 12:36:37,tejaswanigadi93@gmail.com,Tejaswani gadi,724132505015,7/18/2007,B.Sc Chemistry & Zoology,Fifth Semester,7995153592
9/10/2026 12:36:38,chintapallilikhitha430@gmail.com,CHINTAPALLI LIKHITHA SRI ,725132505019,2/1/2008,B.Sc Computers,Third Semester,7799879906
9/10/2026 12:36:45,nanimurari2021@gmail.com,Guntuboina Manikanta Sailesh Murary ,124132504013,12/21/2005,B.Com Computers,Fifth Semester,8688650939
9/10/2026 12:36:48,yadavvineela480@gmail.com,Pitta.Vineela,124132504029,9/7/2006,B.Com Computers,Fifth Semester,9703214876
9/10/2026 12:37:23,lavanyapolireddy22@gmail.com,Polireddy lavanya ,124132504030,7/24/2004,B.Com Computers,Fifth Semester,8121606361
9/10/2026 12:37:25,darlavinayaka645@gmail.com,D vinayaka,124132504009,8/25/2007,B.Com Computers,Fifth Semester,9966332423
9/10/2026 12:37:36,ramyapotti60@gmail.com,Olisetti Ramya ,124132504027,7/12/2003,B.Com Computers,Fifth Semester,8106917047
9/10/2026 12:37:42,suzanboggu@gmail.com,Boggu Suzan,125132504006,11/21/2007,B.Com Computers,Third Semester,9381319926
9/10/2026 12:37:45,kandulaneeraja1228@gmail.com,Kandula.neeraja,124132504014,12/28/2005,B.Com Computers,Fifth Semester,9553049717
9/10/2026 12:38:13,durgakundrapudurga@gmail.com,Kundrapu durga ,724132505016,5/12/2007,B.Sc Chemistry & Zoology,Fifth Semester,9347380644
9/10/2026 12:38:52,munnitabasum@786gmail.com,MD Munni Tabasum,124132504023,7/26/2005,B.Com Computers,Fifth Semester,9059733540
9/10/2026 12:38:53,dudanavya70@gmail.com,DudaNavya,124132504011,6/28/2007,B.Com Computers,Fifth Semester,9550103785
9/10/2026 12:38:58,satyaraj88872@gmail.com,Mugi maheswari ,124132503005,6/30/2006,B.Com Computers,Fifth Semester,8121300453
9/10/2026 12:39:05,saidurga34164@gmail.com,Pyla.saidurga,125132504025,4/5/2008,B.Com Computers,Third Semester,7337404498
9/10/2026 12:39:21,mahalakshmibodam@gmail.com ,Bodam Mahalakshmi ,724132505013,4/7/2006,B.Sc Chemistry & Zoology,Fifth Semester,9391702163
9/10/2026 12:39:24,penkerachanadeepika@gmail.com,PENKE RACHANA DEEPIKA ,124132501001,2/1/2005,BA,Fifth Semester,6304775383
9/10/2026 12:39:37,mulampakadurga88@gmail.com,Mulampaka durga ,724132505019,1/1/2007,B.Sc Chemistry & Zoology,Fifth Semester,8978198280
9/10/2026 12:39:37,rajhzjsj@gmail.com,Kondempudi Raju,124132504016,3/30/2007,B.Com Computers,Fifth Semester,9032817781
9/10/2026 12:39:53,devikapolleti@gmail.com ,Polleti Devika,725132505004,12/1/2007,B.Sc Chemistry & Zoology,Third Semester,7095068960
9/10/2026 12:39:53,New venkojipalem,Pekana varalakshami,724132505048,6/14/2007,B.Sc Computers,Fifth Semester,9347752479
9/10/2026 12:39:57,nagamanivasupalli6@gmail.com,Vasupalli nagamai,124132504039,6/18/2007,B.Com Computers,Fifth Semester,8008657749
9/10/2026 12:40:05,jgowthami83@gmail.com,JYESTA GOWTHAMI ,124132501014,5/27/2007,BA,Fifth Semester,7993195862
9/10/2026 12:40:36,lalithasri834@gmail.com,Meda. Lalithasri ,724132505017,8/6/2006,B.Sc Chemistry & Zoology,Fifth Semester,9949474045
9/10/2026 12:41:20,manasaduppadamanasa@gmail.com,Duppada manasa ,724132505026,9/4/2005,B.Sc Computers,Fifth Semester,9949867025
9/10/2026 12:41:31,Kalyanieedibilli@gamil.com,Eedibilli kalyani,125132504012,6/2/2008,B.Com Computers,Third Semester,7569215176
9/10/2026 12:41:45,shankarbotcha123@gmail.com,Botcha Dhana laxmi ,124132501011,3/9/2003,BA,Fifth Semester,8096556710
9/10/2026 12:43:08,saipranathivuriti@gmail.com,Vuriti. Sai pranathi ,124132501005,11/3/2005,BA,Fifth Semester,7095314898
9/10/2026 12:43:42,anusrich3@gmail.com,CHEPALA. ANUSRI,124132501006,5/15/2007,BA,Fifth Semester,9390697619
9/10/2026 12:44:56,shankarbotcha123@gmail.com,Botcha Dhana laxmi ,124132501011,3/9/2004,BA,Fifth Semester,8096556710
9/10/2026 12:47:36,V bonjubabu61@gmail.com,Varaboini machulamma ,124132501004,3/26/2005,BA,Fifth Semester,6305196701
9/10/2026 12:47:54,jj1899470@gmail.com,Yenamala Abraham ,724132505056,10/31/2003,B.Sc Computers,Fifth Semester,9951964857
9/10/2026 12:49:03,chinthapallimanisha25@gmail.com,Chinthapalli Manisha ,124132504007,1/4/2007,B.Com Computers,Fifth Semester,7013110714
9/10/2026 12:49:52,mantriusha528@gmail.com,Mantri usha,124132504020,5/28/2007,B.Com Computers,Fifth Semester,7013681559
9/10/2026 12:51:31,meghanamalireddi17@gmail.com,Malireddi meghana,124132504018,12/22/2005,B.Com Computers,Fifth Semester,8096050615
9/10/2026 12:52:07,buddalapolarao79@gmail.com,Buddala Jaswanthi,124132504004,7/31/2007,B.Com Computers,Fifth Semester,9618804943
9/10/2026 12:52:23,mpj.mggd.vsp@gmail.com,M.pooja,724132505008,12/3/2006,B.Sc Chemistry & Zoology,Fifth Semester,6302724354
9/10/2026 12:58:44,thonangiganesh46@gmail.com,Thonangi ganesh,124132501027,3/13/2007,BA,Fifth Semester,7396200713
9/10/2026 12:59:21,kesavanikalingi@gmail.com,Kalingi.kesavani,724132505004,9/7/2007,B.Sc Chemistry & Zoology,Fifth Semester,7396054489
9/10/2026 13:06:43,vijayalakshmi@gmail.com,Vasupalli indrani,124132503010,10/22/2006,B.Com Computers,Fifth Semester,9885544636
9/10/2026 13:17:12,kanubuddiramu62@gmail.com,Kanuguddi.Manichandrika,                                     02,8/3/2008,B.Sc Computers,First Semester,9391329829
9/10/2026 13:28:29,bhargaviippili6@gmail.com,Ippili.Bhargavi,724132505030,6/12/2006,B.Sc Computers,Fifth Semester,9676656641
9/10/2026 13:31:08,vr436845@gmail.com,Venkata ramana ,724132505027,8/1/2005,B.Sc Computers,Fifth Semester,7569215176
9/10/2026 13:32:11,bhanumuchi05@gmail.com,Muchi Chandra Mounika ,724132505041,4/20/2005,B.Sc Computers,Fifth Semester,8374148518
9/10/2026 13:34:34,beswararao@gmail.com,Boni Aswini,4,8/19/2009,B.Sc Chemistry & Zoology,First Semester,6304436822
9/10/2026 13:36:14,indalasantosh3@gmail.com,indala santosh,724132505029,12/9/2005,B.Sc Computers,Fifth Semester,7680961429
9/10/2026 13:36:47,harika7282@gmail.com,Makkuva Jayalakshmi patnaik ,724132505039,9/10/2006,B.Sc Computers,Fifth Semester,9381911851
9/10/2026 13:42:56,harshithaamara4@gmail.com,Amara harshitha ,14,9/14/2009,B.Com Computers,First Semester,9154017450
9/10/2026 13:47:08,tharadevibayyavarapu@gmail.com,B. Thara devi,12413203002,6/8/2006,B.Com Computers,Fifth Semester,9032084109
9/10/2026 13:53:02,jhansi.sree123@gmail.com,Garikina .Jhansi Sree,1,6/25/2008,B.Sc Computers,First Semester,9989897372
9/10/2026 13:53:57,chappajagadeesh362@gmail.com,Chappa Jagadeesh ,724132505003,10/11/2006,B.Sc Chemistry & Zoology,Fifth Semester,7981538960
9/10/2026 13:56:42,Gurumurthy@gmail.com,Sabbisetti sai saranya ,18,5/10/2009,B.Com Computers,First Semester,7729000404
9/10/2026 14:11:41,pethakamsettypoojasri@gmail.com, pethakamsetty poojasri,125132504023,11/7/2007,B.Com Computers,Third Semester,6281543748
9/10/2026 14:13:48,yallieswari@gmail.com,Maradapudi yalleswari,32,2/29/2008,B.Sc Computers,First Semester,9603931962
9/10/2026 14:19:35,dharmisettibhagya@gmail.com,Bhagya lakshmi ,724132505025,10/1/2007,B.Sc Computers,Fifth Semester,8019143553
9/10/2026 14:44:48,dagulapilliswathi@gmail.com,Dagulapilli swathi,125132504007,6/16/2006,B.Com Computers,Third Semester,9550367173
9/10/2026 14:50:10,anug31085@gmail.com,Garikina aruna,725132505022,2/24/2006,B.Sc Computers,Third Semester,7036615383
9/10/2026 14:56:20,usharanig933@gmail.com ,gannugula chinnishivani,1241504012,8/27/2026,B.Com Computers,Fifth Semester,9391447355
9/10/2026 14:56:34,Kandisanyasamma@gmail.com,KANDI ANU RADHA ,24,11/27/2008,B.Com Computers,First Semester,7893017220
9/10/2026 15:29:42,rupakaruku@gmail.com,Karukurupa ,124132504015,11/21/2003,B.Com Computers,Fifth Semester,7675868609
9/10/2026 15:37:44,dasariyernikanth20@gmail.com,DASARI YERNI KANTH ,124132501013,10/2/2000,BA,Fifth Semester,9347651514
9/10/2026 16:17:43,ramanawm123@gmail.com,Bammidi keerthi ,124132504001,4/18/2007,B.Com Computers,Fifth Semester,9989568396
9/10/2026 16:40:49,sreevallivijinigiri@gmail.com,Vijinigiri Srivalli ,724132505012,9/11/2024,B.Sc Chemistry & Zoology,Fifth Semester,7601028071
9/10/2026 17:01:25,snehasri442@gmail.com,Rayudu.Snehasri,124132504034,2/1/2006,B.Com Computers,Fifth Semester,7337214659
9/10/2026 17:05:29,anushachenna2005@gmail.com,Chenna.Anusha,124132504006,12/13/2005,B.Com Computers,Fifth Semester,7794921164
9/10/2026 17:07:08,amruthabada@gmail.com,Bada Amrutha,725132505013,3/12/2007,B.Sc Computers,Third Semester,8143170333
9/10/2026 17:34:08,Tandukiran@gmail.com,Tandu Madhumathi,19,6/6/2008,B.Com Computers,First Semester,9963532517
9/10/2026 19:11:18,mounikanagala2007@gmail.com,Nagala Mounika ,725132505025,4/27/2007,B.Sc Computers,Third Semester,9912665038
9/10/2026 19:18:23,malireddymeghana17@gmail.com,Malireddi meghana,124132504018,12/22/2005,B.Com Computers,Fifth Semester,8096050615
9/11/2026 9:43:16,aravindroxx97@gmail.com,Avalashing aravind ,724132505023,7/12/2003,B.Sc Computers,Fifth Semester,8309398337
9/11/2026 9:46:34,grandhihari123@gmail.com,Grandhi sri Hari ,125132501004,8/22/2006,BA,Third Semester,9059984404
9/11/2026 9:50:39,Gantadevivaraprasad17@gmail.com,Ganta devi vara prasad,125132501003,5/23/2007,BA,Third Semester,8885622951
9/11/2026 9:51:46,shaikshaikalthaf129@gmail.com,Shaik Althaf,125132503002,3/31/2006,B.Com Computers,Third Semester,8688847538
9/11/2026 9:52:35,sravanthkumarsirli@gmail.com,Sirli Sravanth kumar,725132505011,3/8/2004,B.Sc Chemistry & Zoology,Third Semester,8919547190
9/11/2026 10:17:51,chinthaliummidi@gmail.com,Vasupallipavani,26,12/19/2008,B.Com Computers,First Semester,9052326448
9/11/2026 10:39:46,maradipudiramya@gmail.com,Maradapudi Ramya ,124132504021,4/20/2006,B.Com Computers,Fifth Semester,7995304940
9/11/2026 10:40:55,vallausha2006@gmail.com,Valla usha ,124132504037,3/8/2006,B.Com Computers,Fifth Semester,6301241827
9/11/2026 11:03:51,meggimghn@gmail.com,Kanchumurthy lakshmi parvathi,125132504018,7/28/2006,B.Com Computers,Third Semester,6304261141